name	file_name	idx1	seq1	idx2	seq2
ManifestSample_001	DNA_18SV9_Group_1_S1_L001	SA701	CGAGAGTT	SA501	ATCGTACG
ManifestSample_002	DNA_18SV9_Group_1_S1_L001	SA701	CGAGAGTT	SA502	ACTATCTG
ManifestSample_003	DNA_18SV9_Group_1_S1_L001	SA701	CGAGAGTT	SA503	TAGCGAGT
ManifestSample_004	DNA_18SV9_Group_1_S1_L001	SA701	CGAGAGTT	SA504	CTGCGTGT
ManifestSample_005	DNA_18SV9_Group_1_S1_L001	SA701	CGAGAGTT	SA505	TCATCGAG
ManifestSample_006	DNA_18SV9_Group_1_S1_L001	SA701	CGAGAGTT	SA506	CGTGAGTG
ManifestSample_007	DNA_18SV9_Group_1_S1_L001	SA701	CGAGAGTT	SA507	GGATATCT
ManifestSample_008	DNA_18SV9_Group_1_S1_L001	SA701	CGAGAGTT	SA508	GACACCGT
ManifestSample_009	DNA_18SV9_Group_2_S2_L001	SA702	GACATAGT	SA501	ATCGTACG
ManifestSample_010	DNA_18SV9_Group_2_S2_L001	SA702	GACATAGT	SA502	ACTATCTG
ManifestSample_011	DNA_18SV9_Group_2_S2_L001	SA702	GACATAGT	SA503	TAGCGAGT
ManifestSample_012	DNA_18SV9_Group_2_S2_L001	SA702	GACATAGT	SA504	CTGCGTGT
ManifestSample_013	DNA_18SV9_Group_2_S2_L001	SA702	GACATAGT	SA505	TCATCGAG
ManifestSample_014	DNA_18SV9_Group_2_S2_L001	SA702	GACATAGT	SA506	CGTGAGTG
ManifestSample_015	DNA_18SV9_Group_2_S2_L001	SA702	GACATAGT	SA507	GGATATCT
ManifestSample_016	DNA_18SV9_Group_2_S2_L001	SA702	GACATAGT	SA508	GACACCGT
ManifestSample_017	DNA_18SV9_Group_3_S3_L001	SA703	ACGCTACT	SA501	ATCGTACG
ManifestSample_018	DNA_18SV9_Group_3_S3_L001	SA703	ACGCTACT	SA502	ACTATCTG
ManifestSample_019	DNA_18SV9_Group_3_S3_L001	SA703	ACGCTACT	SA503	TAGCGAGT
ManifestSample_020	DNA_18SV9_Group_3_S3_L001	SA703	ACGCTACT	SA504	CTGCGTGT
ManifestSample_021	DNA_18SV9_Group_3_S3_L001	SA703	ACGCTACT	SA505	TCATCGAG
ManifestSample_022	DNA_18SV9_Group_3_S3_L001	SA703	ACGCTACT	SA506	CGTGAGTG
ManifestSample_023	DNA_18SV9_Group_3_S3_L001	SA703	ACGCTACT	SA507	GGATATCT
ManifestSample_024	DNA_18SV9_Group_3_S3_L001	SA703	ACGCTACT	SA508	GACACCGT
ManifestSample_025	DNA_18SV9_Group_4_S4_L001	SA704	ACTCACTG	SA501	ATCGTACG
ManifestSample_026	DNA_18SV9_Group_4_S4_L001	SA704	ACTCACTG	SA502	ACTATCTG
ManifestSample_027	DNA_18SV9_Group_4_S4_L001	SA704	ACTCACTG	SA503	TAGCGAGT
ManifestSample_028	DNA_18SV9_Group_4_S4_L001	SA704	ACTCACTG	SA504	CTGCGTGT
ManifestSample_029	DNA_18SV9_Group_4_S4_L001	SA704	ACTCACTG	SA505	TCATCGAG
ManifestSample_030	DNA_18SV9_Group_4_S4_L001	SA704	ACTCACTG	SA506	CGTGAGTG
ManifestSample_031	DNA_18SV9_Group_4_S4_L001	SA704	ACTCACTG	SA507	GGATATCT
ManifestSample_032	DNA_18SV9_Group_4_S4_L001	SA704	ACTCACTG	SA508	GACACCGT
ManifestSample_033	DNA_18SV9_Group_5_S5_L001	SA705	TGAGTACG	SA501	ATCGTACG
ManifestSample_034	DNA_18SV9_Group_5_S5_L001	SA705	TGAGTACG	SA502	ACTATCTG
ManifestSample_035	DNA_18SV9_Group_5_S5_L001	SA705	TGAGTACG	SA503	TAGCGAGT
ManifestSample_036	DNA_18SV9_Group_5_S5_L001	SA705	TGAGTACG	SA504	CTGCGTGT
ManifestSample_037	DNA_18SV9_Group_5_S5_L001	SA705	TGAGTACG	SA505	TCATCGAG
ManifestSample_038	DNA_18SV9_Group_5_S5_L001	SA705	TGAGTACG	SA506	CGTGAGTG
ManifestSample_039	DNA_18SV9_Group_5_S5_L001	SA705	TGAGTACG	SA507	GGATATCT
ManifestSample_040	DNA_18SV9_Group_5_S5_L001	SA705	TGAGTACG	SA508	GACACCGT
ManifestSample_041	DNA_18SV9_Group_6_S6_L001	SA706	CTGCGTAG	SA501	ATCGTACG
ManifestSample_042	DNA_18SV9_Group_6_S6_L001	SA706	CTGCGTAG	SA502	ACTATCTG
ManifestSample_043	DNA_18SV9_Group_6_S6_L001	SA706	CTGCGTAG	SA503	TAGCGAGT
ManifestSample_044	DNA_18SV9_Group_6_S6_L001	SA706	CTGCGTAG	SA504	CTGCGTGT
ManifestSample_084	DNA_18SV9_Group_6_S6_L001	SA706	CTGCGTAG	SA505	TCATCGAG
ManifestSample_085	DNA_18SV9_Group_6_S6_L001	SA706	CTGCGTAG	SA506	CGTGAGTG
ManifestSample_086	DNA_18SV9_Group_6_S6_L001	SA706	CTGCGTAG	SA507	GGATATCT
ManifestSample_087	DNA_18SV9_Group_6_S6_L001	SA706	CTGCGTAG	SA508	GACACCGT
ManifestSample_088	DNA_18SV9_Group_7_S7_L001	SA707	TAGTCTCC	SA501	ATCGTACG
ManifestSample_089	DNA_18SV9_Group_7_S7_L001	SA707	TAGTCTCC	SA502	ACTATCTG
ManifestSample_090	DNA_18SV9_Group_7_S7_L001	SA707	TAGTCTCC	SA503	TAGCGAGT
ManifestSample_091	DNA_18SV9_Group_7_S7_L001	SA707	TAGTCTCC	SA504	CTGCGTGT
ManifestSample_092	DNA_18SV9_Group_7_S7_L001	SA707	TAGTCTCC	SA505	TCATCGAG
ManifestSample_093	DNA_18SV9_Group_7_S7_L001	SA707	TAGTCTCC	SA506	CGTGAGTG
ManifestSample_094	DNA_18SV9_Group_7_S7_L001	SA707	TAGTCTCC	SA507	GGATATCT
ManifestSample_095	DNA_18SV9_Group_7_S7_L001	SA707	TAGTCTCC	SA508	GACACCGT
ManifestSample_096	DNA_18SV9_Group_8_S8_L001	SA708	CGAGCGAC	SA501	ATCGTACG
ManifestSample_097	DNA_18SV9_Group_8_S8_L001	SA708	CGAGCGAC	SA502	ACTATCTG
ManifestSample_098	DNA_18SV9_Group_8_S8_L001	SA708	CGAGCGAC	SA503	TAGCGAGT
ManifestSample_099	DNA_18SV9_Group_8_S8_L001	SA708	CGAGCGAC	SA504	CTGCGTGT
ManifestSample_100	DNA_18SV9_Group_8_S8_L001	SA708	CGAGCGAC	SA505	TCATCGAG
ManifestSample_101	DNA_18SV9_Group_8_S8_L001	SA708	CGAGCGAC	SA506	CGTGAGTG
ManifestSample_102	DNA_18SV9_Group_8_S8_L001	SA708	CGAGCGAC	SA507	GGATATCT
ManifestSample_144	DNA_18SV9_Group_9_S9_L001	SB701	CTCGACTT	SB501	CTACTATA
ManifestSample_145	DNA_18SV9_Group_9_S9_L001	SB701	CTCGACTT	SB502	CGTTACTA
ManifestSample_146	DNA_18SV9_Group_9_S9_L001	SB701	CTCGACTT	SB503	AGAGTCAC
ManifestSample_147	DNA_18SV9_Group_9_S9_L001	SB701	CTCGACTT	SB504	TACGAGAC
ManifestSample_148	DNA_18SV9_Group_9_S9_L001	SB701	CTCGACTT	SB505	ACGTCTCG
ManifestSample_149	DNA_18SV9_Group_9_S9_L001	SB701	CTCGACTT	SB506	TCGACGAG
ManifestSample_150	DNA_18SV9_Group_9_S9_L001	SB701	CTCGACTT	SB507	GATCGTGT
ManifestSample_151	DNA_18SV9_Group_9_S9_L001	SB701	CTCGACTT	SB508	GTCAGATA
ManifestSample_152	DNA_18SV9_Group_10_S10_L001	SB702	CGAAGTAT	SB501	CTACTATA
ManifestSample_153	DNA_18SV9_Group_10_S10_L001	SB702	CGAAGTAT	SB502	CGTTACTA
ManifestSample_154	DNA_18SV9_Group_10_S10_L001	SB702	CGAAGTAT	SB503	AGAGTCAC
ManifestSample_155	DNA_18SV9_Group_10_S10_L001	SB702	CGAAGTAT	SB504	TACGAGAC
ManifestSample_156	DNA_18SV9_Group_10_S10_L001	SB702	CGAAGTAT	SB505	ACGTCTCG
ManifestSample_157	DNA_18SV9_Group_10_S10_L001	SB702	CGAAGTAT	SB506	TCGACGAG
ManifestSample_158	DNA_18SV9_Group_10_S10_L001	SB702	CGAAGTAT	SB507	GATCGTGT
ManifestSample_159	DNA_18SV9_Group_10_S10_L001	SB702	CGAAGTAT	SB508	GTCAGATA
ManifestSample_160	DNA_18SV9_Group_11_S11_L001	SB703	TAGCAGCT	SB501	CTACTATA
ManifestSample_161	DNA_18SV9_Group_11_S11_L001	SB703	TAGCAGCT	SB502	CGTTACTA
ManifestSample_162	DNA_18SV9_Group_11_S11_L001	SB703	TAGCAGCT	SB503	AGAGTCAC
ManifestSample_163	DNA_18SV9_Group_11_S11_L001	SB703	TAGCAGCT	SB504	TACGAGAC
ManifestSample_164	DNA_18SV9_Group_11_S11_L001	SB703	TAGCAGCT	SB505	ACGTCTCG
ManifestSample_165	DNA_18SV9_Group_11_S11_L001	SB703	TAGCAGCT	SB506	TCGACGAG
ManifestSample_166	DNA_18SV9_Group_11_S11_L001	SB703	TAGCAGCT	SB507	GATCGTGT
ManifestSample_167	DNA_18SV9_Group_11_S11_L001	SB703	TAGCAGCT	SB508	GTCAGATA
ManifestSample_168	DNA_18SV9_Group_12_S12_L001	SB704	TCTCTATG	SB501	CTACTATA
ManifestSample_169	DNA_18SV9_Group_12_S12_L001	SB704	TCTCTATG	SB502	CGTTACTA
ManifestSample_170	DNA_18SV9_Group_12_S12_L001	SB704	TCTCTATG	SB503	AGAGTCAC
ManifestSample_171	DNA_18SV9_Group_12_S12_L001	SB704	TCTCTATG	SB504	TACGAGAC
ManifestSample_172	DNA_18SV9_Group_12_S12_L001	SB704	TCTCTATG	SB505	ACGTCTCG
ManifestSample_173	DNA_18SV9_Group_12_S12_L001	SB704	TCTCTATG	SB506	TCGACGAG
ManifestSample_174	DNA_18SV9_Group_12_S12_L001	SB704	TCTCTATG	SB507	GATCGTGT
ManifestSample_175	DNA_18SV9_Group_12_S12_L001	SB704	TCTCTATG	SB508	GTCAGATA
ManifestSample_176	DNA_18SV9_Group_13_S13_L001	SB705	GATCTACG	SB501	CTACTATA
ManifestSample_177	DNA_18SV9_Group_13_S13_L001	SB705	GATCTACG	SB502	CGTTACTA
ManifestSample_178	DNA_18SV9_Group_13_S13_L001	SB705	GATCTACG	SB503	AGAGTCAC
ManifestSample_179	DNA_18SV9_Group_13_S13_L001	SB705	GATCTACG	SB504	TACGAGAC
ManifestSample_180	DNA_18SV9_Group_13_S13_L001	SB705	GATCTACG	SB505	ACGTCTCG
ManifestSample_181	DNA_18SV9_Group_13_S13_L001	SB705	GATCTACG	SB506	TCGACGAG
ManifestSample_182	DNA_18SV9_Group_13_S13_L001	SB705	GATCTACG	SB507	GATCGTGT
ManifestSample_183	DNA_18SV9_Group_13_S13_L001	SB705	GATCTACG	SB508	GTCAGATA
ManifestSample_184	DNA_18SV9_Group_14_S14_L001	SB706	GTAACGAG	SB501	CTACTATA
ManifestSample_185	DNA_18SV9_Group_14_S14_L001	SB706	GTAACGAG	SB502	CGTTACTA
ManifestSample_186	DNA_18SV9_Group_14_S14_L001	SB706	GTAACGAG	SB503	AGAGTCAC
ManifestSample_187	DNA_18SV9_Group_14_S14_L001	SB706	GTAACGAG	SB504	TACGAGAC
ManifestSample_188	DNA_18SV9_Group_14_S14_L001	SB706	GTAACGAG	SB505	ACGTCTCG
ManifestSample_189	DNA_18SV9_Group_14_S14_L001	SB706	GTAACGAG	SB506	TCGACGAG
ManifestSample_190	DNA_18SV9_Group_14_S14_L001	SB706	GTAACGAG	SB507	GATCGTGT
